provider	dotPath	method	fullUrl	docsUrl
alibaba	api.v1.services.aigc.videoGeneration.videoSynthesis	POST	https://dashscope-intl.aliyuncs.com/compatible-mode/v1/services/aigc/video-generation/video-synthesis	https://help.aliyun.com/zh/model-studio
alibaba	api.v1.tasks	GET	https://dashscope-intl.aliyuncs.com/compatible-mode/v1/tasks/{taskId}	https://help.aliyun.com/zh/model-studio
alibaba	v1.chat.completions	POST	https://dashscope-intl.aliyuncs.com/compatible-mode/v1/chat/completions	https://help.aliyun.com/zh/model-studio
alibaba	v1.models	GET	https://dashscope-intl.aliyuncs.com/compatible-mode/v1/models	https://help.aliyun.com/zh/model-studio
anthropic	v1.files	POST	https://api.anthropic.com/v1/files	https://docs.anthropic.com/en/api
anthropic	v1.files.content	GET	https://api.anthropic.com/v1/files/{fileId}/content	https://docs.anthropic.com/en/api
anthropic	v1.files.del	DELETE	https://api.anthropic.com/v1/files/{fileId}	https://docs.anthropic.com/en/api
anthropic	v1.files.list	GET	https://api.anthropic.com/v1/files	https://docs.anthropic.com/en/api
anthropic	v1.files.retrieve	GET	https://api.anthropic.com/v1/files/{fileId}	https://docs.anthropic.com/en/api
anthropic	v1.messages	POST	https://api.anthropic.com/v1/messages	https://docs.anthropic.com/en/api
anthropic	v1.messages.batches	POST	https://api.anthropic.com/v1/messages/batches	https://docs.anthropic.com/en/api
anthropic	v1.messages.batches.cancel	POST	https://api.anthropic.com/v1/messages/batches/{batchId}/cancel	https://docs.anthropic.com/en/api
anthropic	v1.messages.batches.del	DELETE	https://api.anthropic.com/v1/messages/batches/{batchId}	https://docs.anthropic.com/en/api
anthropic	v1.messages.batches.list	GET	https://api.anthropic.com/v1/messages/batches	https://docs.anthropic.com/en/api
anthropic	v1.messages.batches.results	GET	https://api.anthropic.com/v1/messages/batches/{batchId}/results	https://docs.anthropic.com/en/api
anthropic	v1.messages.batches.retrieve	GET	https://api.anthropic.com/v1/messages/batches/{batchId}	https://docs.anthropic.com/en/api
anthropic	v1.messages.countTokens	POST	https://api.anthropic.com/v1/messages/count_tokens	https://docs.anthropic.com/en/api
anthropic	v1.models.list	GET	https://api.anthropic.com/v1/models	https://docs.anthropic.com/en/api
anthropic	v1.models.retrieve	GET	https://api.anthropic.com/v1/models/{modelId}	https://docs.anthropic.com/en/api
anthropic	v1.skills.create	POST	https://api.anthropic.com/v1/skills	https://docs.anthropic.com/en/api
anthropic	v1.skills.del	DELETE	https://api.anthropic.com/v1/skills/{skillId}	https://docs.anthropic.com/en/api
anthropic	v1.skills.list	GET	https://api.anthropic.com/v1/skills	https://docs.anthropic.com/en/api
anthropic	v1.skills.retrieve	GET	https://api.anthropic.com/v1/skills/{skillId}	https://docs.anthropic.com/en/api
anthropic	v1.skills.versions.create	POST	https://api.anthropic.com/v1/skills/{skillId}/versions	https://docs.anthropic.com/en/api
anthropic	v1.skills.versions.del	DELETE	https://api.anthropic.com/v1/skills/{skillId}/versions/{version}	https://docs.anthropic.com/en/api
anthropic	v1.skills.versions.list	GET	https://api.anthropic.com/v1/skills/{skillId}/versions	https://docs.anthropic.com/en/api
fal	ai.v1.models	GET	https://api.fal.ai/v1/models	https://docs.fal.ai
fal	ai.v1.models.pricing	GET	https://api.fal.ai/v1/models/pricing	https://docs.fal.ai
fal	ai.v1.models.pricing.estimate	GET	https://api.fal.ai/v1/models/pricing/estimate	https://docs.fal.ai
fal	ai.v1.models.pricing.estimate	POST	https://api.fal.ai/v1/models/pricing/estimate	https://docs.fal.ai
fal	ai.v1.models.requests.payloads	DELETE	https://api.fal.ai/v1/models/requests/{param}/payloads	https://docs.fal.ai
fal	ai.v1.models.requests.payloads	GET	https://api.fal.ai/v1/models/requests/{param}/payloads	https://docs.fal.ai
fal	ai.v1.queue.submit	POST	https://api.fal.ai/v1/POST	https://docs.fal.ai
fal	ai.v1.serverless.files.uploadLocal	POST	https://api.fal.ai/v1/serverless/files/file/local/{param}	https://docs.fal.ai
fal	ai.v1.serverless.files.uploadUrl	POST	https://api.fal.ai/v1/serverless/files/file/url/{param}	https://docs.fal.ai
fal	ai.v1.serverless.logs	POST	https://api.fal.ai/v1/serverless/logs/stream	https://docs.fal.ai
fal	ai.v1.workflows	GET	https://api.fal.ai/v1/workflows	https://docs.fal.ai
fal	bytedance.seedance2p0.imageToVideo	POST	https://api.fal.ai/v1/bytedance/seedance-2.0/image-to-video	https://docs.fal.ai
fal	bytedance.seedream.v5.lite.edit	POST	https://api.fal.ai/v1/fal-ai/bytedance/seedream/v5/lite/edit	https://docs.fal.ai
fal	bytedance.seedream.v5.lite.textToImage	POST	https://api.fal.ai/v1/fal-ai/bytedance/seedream/v5/lite/text-to-image	https://docs.fal.ai
fal	falAi.elevenlabs.speechToText.scribeV2	POST	https://api.fal.ai/v1/fal-ai/elevenlabs/speech-to-text/scribe-v2	https://docs.fal.ai
fal	nanoBananaPro.edit	POST	https://api.fal.ai/v1/fal-ai/nano-banana-pro/edit	https://docs.fal.ai
fal	nanoBananaPro.textToImage	POST	https://api.fal.ai/v1/fal-ai/nano-banana-pro	https://docs.fal.ai
fal	v1.serverless.logs	POST	https://api.fal.ai/v1/serverless/logs/stream	https://docs.fal.ai
fireworks	v1.accounts	GET	https://api.fireworks.ai/inference/v1/v1/accounts/{accountId}	https://docs.fireworks.ai/api-reference
fireworks	v1.accounts.apiKeys	DELETE	https://api.fireworks.ai/inference/v1/v1/accounts/{accountId}/users/{userId}/apiKeys:delete	https://docs.fireworks.ai/api-reference
fireworks	v1.accounts.apiKeys.create	POST	https://api.fireworks.ai/inference/v1/v1/accounts/{accountId}/users/{userId}/apiKeys	https://docs.fireworks.ai/api-reference
fireworks	v1.accounts.apiKeys.list	GET	https://api.fireworks.ai/inference/v1/v1/accounts/{accountId}/users/{userId}/apiKeys	https://docs.fireworks.ai/api-reference
fireworks	v1.accounts.batchInferenceJobs	DELETE	https://api.fireworks.ai/inference/v1/v1/accounts/{accountId}/batchInferenceJobs/{jobId}	https://docs.fireworks.ai/api-reference
fireworks	v1.accounts.batchInferenceJobs	GET	https://api.fireworks.ai/inference/v1/v1/accounts/{accountId}/batchInferenceJobs/{jobId}	https://docs.fireworks.ai/api-reference
fireworks	v1.accounts.batchInferenceJobs.create	POST	https://api.fireworks.ai/inference/v1/v1/accounts/{accountId}/batchInferenceJobs	https://docs.fireworks.ai/api-reference
fireworks	v1.accounts.batchInferenceJobs.list	GET	https://api.fireworks.ai/inference/v1/v1/accounts/{accountId}/batchInferenceJobs	https://docs.fireworks.ai/api-reference
fireworks	v1.accounts.datasets	DELETE	https://api.fireworks.ai/inference/v1/v1/accounts/{accountId}/datasets/{datasetId}	https://docs.fireworks.ai/api-reference
fireworks	v1.accounts.datasets	GET	https://api.fireworks.ai/inference/v1/v1/accounts/{accountId}/datasets/{datasetId}	https://docs.fireworks.ai/api-reference
fireworks	v1.accounts.datasets.create	POST	https://api.fireworks.ai/inference/v1/v1/accounts/{accountId}/datasets	https://docs.fireworks.ai/api-reference
fireworks	v1.accounts.datasets.getDownloadEndpoint	GET	https://api.fireworks.ai/inference/v1/v1/accounts/{accountId}/datasets/{datasetId}:getDownloadEndpoint	https://docs.fireworks.ai/api-reference
fireworks	v1.accounts.datasets.getUploadEndpoint	POST	https://api.fireworks.ai/inference/v1/v1/accounts/{accountId}/datasets/{datasetId}:getUploadEndpoint	https://docs.fireworks.ai/api-reference
fireworks	v1.accounts.datasets.list	GET	https://api.fireworks.ai/inference/v1/v1/accounts/{accountId}/datasets	https://docs.fireworks.ai/api-reference
fireworks	v1.accounts.datasets.update	PATCH	https://api.fireworks.ai/inference/v1/v1/accounts/{accountId}/datasets/{datasetId}	https://docs.fireworks.ai/api-reference
fireworks	v1.accounts.datasets.validateUpload	POST	https://api.fireworks.ai/inference/v1/v1/accounts/{accountId}/datasets/{datasetId}:validateUpload	https://docs.fireworks.ai/api-reference
fireworks	v1.accounts.deployedModels	DELETE	https://api.fireworks.ai/inference/v1/v1/accounts/{accountId}/deployedModels/{deployedModelId}	https://docs.fireworks.ai/api-reference
fireworks	v1.accounts.deployedModels	GET	https://api.fireworks.ai/inference/v1/v1/accounts/{accountId}/deployedModels/{deployedModelId}	https://docs.fireworks.ai/api-reference
fireworks	v1.accounts.deployedModels.create	POST	https://api.fireworks.ai/inference/v1/v1/accounts/{accountId}/deployedModels	https://docs.fireworks.ai/api-reference
fireworks	v1.accounts.deployedModels.list	GET	https://api.fireworks.ai/inference/v1/v1/accounts/{accountId}/deployedModels	https://docs.fireworks.ai/api-reference
fireworks	v1.accounts.deployedModels.update	PATCH	https://api.fireworks.ai/inference/v1/v1/accounts/{accountId}/deployedModels/{deployedModelId}	https://docs.fireworks.ai/api-reference
fireworks	v1.accounts.deploymentShapes	GET	https://api.fireworks.ai/inference/v1/v1/accounts/{accountId}/deploymentShapes/{shapeId}	https://docs.fireworks.ai/api-reference
fireworks	v1.accounts.deploymentShapes.versions	GET	https://api.fireworks.ai/inference/v1/v1/accounts/{accountId}/deploymentShapes/{shapeId}/versions/{versionId}	https://docs.fireworks.ai/api-reference
fireworks	v1.accounts.deploymentShapes.versions.list	GET	https://api.fireworks.ai/inference/v1/v1/accounts/{accountId}/deploymentShapes/{shapeId}/versions	https://docs.fireworks.ai/api-reference
fireworks	v1.accounts.deployments	DELETE	https://api.fireworks.ai/inference/v1/v1/accounts/{accountId}/deployments/{deploymentId}	https://docs.fireworks.ai/api-reference
fireworks	v1.accounts.deployments	GET	https://api.fireworks.ai/inference/v1/v1/accounts/{accountId}/deployments/{deploymentId}	https://docs.fireworks.ai/api-reference
fireworks	v1.accounts.deployments.create	POST	https://api.fireworks.ai/inference/v1/v1/accounts/{accountId}/deployments	https://docs.fireworks.ai/api-reference
fireworks	v1.accounts.deployments.list	GET	https://api.fireworks.ai/inference/v1/v1/accounts/{accountId}/deployments	https://docs.fireworks.ai/api-reference
fireworks	v1.accounts.deployments.scale	PATCH	https://api.fireworks.ai/inference/v1/v1/accounts/{accountId}/deployments/{deploymentId}:scale	https://docs.fireworks.ai/api-reference
fireworks	v1.accounts.deployments.undelete	POST	https://api.fireworks.ai/inference/v1/v1/accounts/{accountId}/deployments/{deploymentId}:undelete	https://docs.fireworks.ai/api-reference
fireworks	v1.accounts.deployments.update	PATCH	https://api.fireworks.ai/inference/v1/v1/accounts/{accountId}/deployments/{deploymentId}	https://docs.fireworks.ai/api-reference
fireworks	v1.accounts.dpoJobs	DELETE	https://api.fireworks.ai/inference/v1/v1/accounts/{accountId}/dpoJobs/{jobId}	https://docs.fireworks.ai/api-reference
fireworks	v1.accounts.dpoJobs	GET	https://api.fireworks.ai/inference/v1/v1/accounts/{accountId}/dpoJobs/{jobId}	https://docs.fireworks.ai/api-reference
fireworks	v1.accounts.dpoJobs.create	POST	https://api.fireworks.ai/inference/v1/v1/accounts/{accountId}/dpoJobs	https://docs.fireworks.ai/api-reference
fireworks	v1.accounts.dpoJobs.getMetricsFileEndpoint	GET	https://api.fireworks.ai/inference/v1/v1/accounts/{accountId}/dpoJobs/{jobId}:getMetricsFileEndpoint	https://docs.fireworks.ai/api-reference
fireworks	v1.accounts.dpoJobs.list	GET	https://api.fireworks.ai/inference/v1/v1/accounts/{accountId}/dpoJobs	https://docs.fireworks.ai/api-reference
fireworks	v1.accounts.dpoJobs.resume	POST	https://api.fireworks.ai/inference/v1/v1/accounts/{accountId}/dpoJobs/{jobId}:resume	https://docs.fireworks.ai/api-reference
fireworks	v1.accounts.evaluationJobs	DELETE	https://api.fireworks.ai/inference/v1/v1/accounts/{accountId}/evaluationJobs/{evaluationJobId}	https://docs.fireworks.ai/api-reference
fireworks	v1.accounts.evaluationJobs	GET	https://api.fireworks.ai/inference/v1/v1/accounts/{accountId}/evaluationJobs/{evaluationJobId}	https://docs.fireworks.ai/api-reference
fireworks	v1.accounts.evaluationJobs.create	POST	https://api.fireworks.ai/inference/v1/v1/accounts/{accountId}/evaluationJobs	https://docs.fireworks.ai/api-reference
fireworks	v1.accounts.evaluationJobs.getExecutionLogEndpoint	GET	https://api.fireworks.ai/inference/v1/v1/accounts/{accountId}/evaluationJobs/{evaluationJobId}:getExecutionLogEndpoint	https://docs.fireworks.ai/api-reference
fireworks	v1.accounts.evaluationJobs.list	GET	https://api.fireworks.ai/inference/v1/v1/accounts/{accountId}/evaluationJobs	https://docs.fireworks.ai/api-reference
fireworks	v1.accounts.evaluators	DELETE	https://api.fireworks.ai/inference/v1/v1/accounts/{accountId}/evaluators/{evaluatorId}	https://docs.fireworks.ai/api-reference
fireworks	v1.accounts.evaluators	GET	https://api.fireworks.ai/inference/v1/v1/accounts/{accountId}/evaluators/{evaluatorId}	https://docs.fireworks.ai/api-reference
fireworks	v1.accounts.evaluators.create	POST	https://api.fireworks.ai/inference/v1/v1/accounts/{accountId}/evaluatorsV2	https://docs.fireworks.ai/api-reference
fireworks	v1.accounts.evaluators.getBuildLogEndpoint	GET	https://api.fireworks.ai/inference/v1/v1/accounts/{accountId}/evaluators/{evaluatorId}:getBuildLogEndpoint	https://docs.fireworks.ai/api-reference
fireworks	v1.accounts.evaluators.getSourceCodeSignedUrl	GET	https://api.fireworks.ai/inference/v1/v1/accounts/{accountId}/evaluators/{evaluatorId}:getSourceCodeSignedUrl	https://docs.fireworks.ai/api-reference
fireworks	v1.accounts.evaluators.getUploadEndpoint	POST	https://api.fireworks.ai/inference/v1/v1/accounts/{accountId}/evaluators/{evaluatorId}:getUploadEndpoint	https://docs.fireworks.ai/api-reference
fireworks	v1.accounts.evaluators.list	GET	https://api.fireworks.ai/inference/v1/v1/accounts/{accountId}/evaluators	https://docs.fireworks.ai/api-reference
fireworks	v1.accounts.evaluators.update	PATCH	https://api.fireworks.ai/inference/v1/v1/accounts/{accountId}/evaluators/{evaluatorId}	https://docs.fireworks.ai/api-reference
fireworks	v1.accounts.evaluators.validateUpload	POST	https://api.fireworks.ai/inference/v1/v1/accounts/{accountId}/evaluators/{evaluatorId}:validateUpload	https://docs.fireworks.ai/api-reference
fireworks	v1.accounts.list	GET	https://api.fireworks.ai/inference/v1/v1/accounts	https://docs.fireworks.ai/api-reference
fireworks	v1.accounts.models	DELETE	https://api.fireworks.ai/inference/v1/v1/accounts/{accountId}/models/{modelId}	https://docs.fireworks.ai/api-reference
fireworks	v1.accounts.models	GET	https://api.fireworks.ai/inference/v1/v1/accounts/{accountId}/models/{modelId}	https://docs.fireworks.ai/api-reference
fireworks	v1.accounts.models.create	POST	https://api.fireworks.ai/inference/v1/v1/accounts/{accountId}/models	https://docs.fireworks.ai/api-reference
fireworks	v1.accounts.models.getDownloadEndpoint	GET	https://api.fireworks.ai/inference/v1/v1/accounts/{accountId}/models/{modelId}:getDownloadEndpoint	https://docs.fireworks.ai/api-reference
fireworks	v1.accounts.models.getUploadEndpoint	POST	https://api.fireworks.ai/inference/v1/v1/accounts/{accountId}/models/{modelId}:getUploadEndpoint	https://docs.fireworks.ai/api-reference
fireworks	v1.accounts.models.list	GET	https://api.fireworks.ai/inference/v1/v1/accounts/{accountId}/models	https://docs.fireworks.ai/api-reference
fireworks	v1.accounts.models.prepare	POST	https://api.fireworks.ai/inference/v1/v1/accounts/{accountId}/models/{modelId}:prepare	https://docs.fireworks.ai/api-reference
fireworks	v1.accounts.models.update	PATCH	https://api.fireworks.ai/inference/v1/v1/accounts/{accountId}/models/{modelId}	https://docs.fireworks.ai/api-reference
fireworks	v1.accounts.models.validateUpload	GET	https://api.fireworks.ai/inference/v1/v1/accounts/{accountId}/models/{modelId}:validateUpload	https://docs.fireworks.ai/api-reference
fireworks	v1.accounts.reinforcementFineTuningJobs	DELETE	https://api.fireworks.ai/inference/v1/v1/accounts/{accountId}/reinforcementFineTuningJobs/{jobId}	https://docs.fireworks.ai/api-reference
fireworks	v1.accounts.reinforcementFineTuningJobs	GET	https://api.fireworks.ai/inference/v1/v1/accounts/{accountId}/reinforcementFineTuningJobs/{jobId}	https://docs.fireworks.ai/api-reference
fireworks	v1.accounts.reinforcementFineTuningJobs.create	POST	https://api.fireworks.ai/inference/v1/v1/accounts/{accountId}/reinforcementFineTuningJobs	https://docs.fireworks.ai/api-reference
fireworks	v1.accounts.reinforcementFineTuningJobs.list	GET	https://api.fireworks.ai/inference/v1/v1/accounts/{accountId}/reinforcementFineTuningJobs	https://docs.fireworks.ai/api-reference
fireworks	v1.accounts.reinforcementFineTuningJobs.resume	POST	https://api.fireworks.ai/inference/v1/v1/accounts/{accountId}/reinforcementFineTuningJobs/{jobId}:resume	https://docs.fireworks.ai/api-reference
fireworks	v1.accounts.rlorTrainerJobs	DELETE	https://api.fireworks.ai/inference/v1/v1/accounts/{accountId}/rlorTrainerJobs/{jobId}	https://docs.fireworks.ai/api-reference
fireworks	v1.accounts.rlorTrainerJobs	GET	https://api.fireworks.ai/inference/v1/v1/accounts/{accountId}/rlorTrainerJobs/{jobId}	https://docs.fireworks.ai/api-reference
fireworks	v1.accounts.rlorTrainerJobs.create	POST	https://api.fireworks.ai/inference/v1/v1/accounts/{accountId}/rlorTrainerJobs	https://docs.fireworks.ai/api-reference
fireworks	v1.accounts.rlorTrainerJobs.executeTrainStep	POST	https://api.fireworks.ai/inference/v1/v1/accounts/{accountId}/rlorTrainerJobs/{jobId}:executeTrainStep	https://docs.fireworks.ai/api-reference
fireworks	v1.accounts.rlorTrainerJobs.list	GET	https://api.fireworks.ai/inference/v1/v1/accounts/{accountId}/rlorTrainerJobs	https://docs.fireworks.ai/api-reference
fireworks	v1.accounts.rlorTrainerJobs.resume	POST	https://api.fireworks.ai/inference/v1/v1/accounts/{accountId}/rlorTrainerJobs/{jobId}:resume	https://docs.fireworks.ai/api-reference
fireworks	v1.accounts.secrets	DELETE	https://api.fireworks.ai/inference/v1/v1/accounts/{accountId}/secrets/{secretId}	https://docs.fireworks.ai/api-reference
fireworks	v1.accounts.secrets	GET	https://api.fireworks.ai/inference/v1/v1/accounts/{accountId}/secrets/{secretId}	https://docs.fireworks.ai/api-reference
fireworks	v1.accounts.secrets.create	POST	https://api.fireworks.ai/inference/v1/v1/accounts/{accountId}/secrets	https://docs.fireworks.ai/api-reference
fireworks	v1.accounts.secrets.list	GET	https://api.fireworks.ai/inference/v1/v1/accounts/{accountId}/secrets	https://docs.fireworks.ai/api-reference
fireworks	v1.accounts.secrets.update	PATCH	https://api.fireworks.ai/inference/v1/v1/accounts/{accountId}/secrets/{secretId}	https://docs.fireworks.ai/api-reference
fireworks	v1.accounts.supervisedFineTuningJobs	DELETE	https://api.fireworks.ai/inference/v1/v1/accounts/{param}/supervisedFineTuningJobs/{param}	https://docs.fireworks.ai/api-reference
fireworks	v1.accounts.supervisedFineTuningJobs	GET	https://api.fireworks.ai/inference/v1/v1/accounts/{param}/supervisedFineTuningJobs/{param}	https://docs.fireworks.ai/api-reference
fireworks	v1.accounts.supervisedFineTuningJobs.create	POST	https://api.fireworks.ai/inference/v1/v1/accounts/{accountId}/supervisedFineTuningJobs	https://docs.fireworks.ai/api-reference
fireworks	v1.accounts.supervisedFineTuningJobs.list	GET	https://api.fireworks.ai/inference/v1/v1/accounts/{accountId}/supervisedFineTuningJobs	https://docs.fireworks.ai/api-reference
fireworks	v1.accounts.supervisedFineTuningJobs.resume	POST	https://api.fireworks.ai/inference/v1/v1/accounts/{param}/supervisedFineTuningJobs/{param}:resume	https://docs.fireworks.ai/api-reference
fireworks	v1.accounts.users	GET	https://api.fireworks.ai/inference/v1/v1/accounts/{accountId}/users/{userId}	https://docs.fireworks.ai/api-reference
fireworks	v1.accounts.users.create	POST	https://api.fireworks.ai/inference/v1/v1/accounts/{accountId}/users	https://docs.fireworks.ai/api-reference
fireworks	v1.accounts.users.list	GET	https://api.fireworks.ai/inference/v1/v1/accounts/{accountId}/users	https://docs.fireworks.ai/api-reference
fireworks	v1.accounts.users.update	PATCH	https://api.fireworks.ai/inference/v1/v1/accounts/{accountId}/users/{userId}	https://docs.fireworks.ai/api-reference
fireworks	v1.accounts.users.update	POST	https://api.fireworks.ai/inference/v1/v1/accounts/{accountId}/users/{userId}	https://docs.fireworks.ai/api-reference
fireworks	v1.audio.batch	GET	https://api.fireworks.ai/inference/v1/v1/accounts/{accountId}/batch_job/{batchId}	https://docs.fireworks.ai/api-reference
fireworks	v1.audio.batch.transcriptions	POST	https://api.fireworks.ai/inference/v1/audio/transcriptions	https://docs.fireworks.ai/api-reference
fireworks	v1.audio.batch.translations	POST	https://api.fireworks.ai/inference/v1/audio/translations	https://docs.fireworks.ai/api-reference
fireworks	v1.audio.transcriptions	POST	https://api.fireworks.ai/inference/v1/audio/transcriptions	https://docs.fireworks.ai/api-reference
fireworks	v1.audio.translations	POST	https://api.fireworks.ai/inference/v1/audio/translations	https://docs.fireworks.ai/api-reference
fireworks	v1.chat.completions	POST	https://api.fireworks.ai/inference/v1/chat/completions	https://docs.fireworks.ai/api-reference
fireworks	v1.completions	POST	https://api.fireworks.ai/inference/v1/completions	https://docs.fireworks.ai/api-reference
fireworks	v1.embeddings	POST	https://api.fireworks.ai/inference/v1/embeddings	https://docs.fireworks.ai/api-reference
fireworks	v1.messages	POST	https://api.fireworks.ai/inference/v1/messages	https://docs.fireworks.ai/api-reference
fireworks	v1.rerank	POST	https://api.fireworks.ai/inference/v1/rerank	https://docs.fireworks.ai/api-reference
fireworks	v1.workflows.getResult	POST	?	https://docs.fireworks.ai/api-reference
fireworks	v1.workflows.kontext	POST	?	https://docs.fireworks.ai/api-reference
fireworks	v1.workflows.textToImage	POST	?	https://docs.fireworks.ai/api-reference
free	catbox.upload	POST	https://catbox.moe/user/api.php	https://catbox.moe/tools.php
free	filebin.upload	POST	https://filebin.net/{bin}/{filename}	https://filebin.net/
free	gofile.upload	POST	https://upload.gofile.io/uploadfile	https://gofile.io/api
free	litterbox.upload	POST	https://litterbox.catbox.moe/resources/internals/api.php	https://litterbox.catbox.moe/
free	tempsh.upload	POST	https://temp.sh/upload	https://temp.sh/
free	tflink.upload	POST	https://tmpfile.link/api/upload	https://tmpfile.link/
free	tmpfiles.api.v1.upload	POST	https://tmpfiles.org/api/v1/upload	https://tmpfiles.org/
free	uguu.upload	POST	https://uguu.se/upload	https://uguu.se/
kie	api.fileBase64Upload	POST	https://api.kie.ai/api/file-base64-upload	https://docs.kie.ai
kie	api.fileStreamUpload	POST	https://api.kie.ai/api/file-stream-upload	https://docs.kie.ai
kie	api.fileUrlUpload	POST	https://api.kie.ai/api/file-url-upload	https://docs.kie.ai
kie	api.v1.chat.credit	GET	https://api.kie.ai/api/v1/chat/credit	https://docs.kie.ai
kie	api.v1.common.downloadUrl	POST	https://api.kie.ai/api/v1/common/download-url	https://docs.kie.ai
kie	api.v1.generate	POST	https://api.kie.ai/api/v1/generate	https://docs.kie.ai
kie	api.v1.jobs.createTask	POST	https://api.kie.ai/api/v1/jobs/createTask	https://docs.kie.ai
kie	api.v1.jobs.recordInfo	GET	https://api.kie.ai/api/v1/jobs/recordInfo?taskId={taskId}	https://docs.kie.ai
kie	api.v1.veo.extend	POST	https://api.kie.ai/api/v1/veo/extend	https://docs.kie.ai
kie	api.v1.veo.generate	POST	https://api.kie.ai/api/v1/veo/generate	https://docs.kie.ai
kie	claude.v1.messages	POST	https://api.kie.ai/claude/v1/messages	https://docs.kie.ai
kimicoding	coding.v1.countTokens	POST	https://api.kimi.com/coding/v1/tokens/count	https://platform.moonshot.ai/docs
kimicoding	coding.v1.embeddings	POST	https://api.kimi.com/coding/v1/embeddings	https://platform.moonshot.ai/docs
kimicoding	coding.v1.messages	POST	https://api.kimi.com/coding/v1/messages	https://platform.moonshot.ai/docs
kimicoding	coding.v1.models	GET	https://api.kimi.com/coding/v1/models	https://platform.moonshot.ai/docs
openai	v1.audio.speech	POST	https://api.openai.com/v1/audio/speech	https://platform.openai.com/docs/api-reference
openai	v1.audio.transcriptions	POST	https://api.openai.com/v1/audio/transcriptions	https://platform.openai.com/docs/api-reference
openai	v1.audio.translations	POST	https://api.openai.com/v1/audio/translations	https://platform.openai.com/docs/api-reference
openai	v1.batches	GET	https://api.openai.com/v1/batches/{idOrOpts}	https://platform.openai.com/docs/api-reference
openai	v1.batches	POST	https://api.openai.com/v1/batches	https://platform.openai.com/docs/api-reference
openai	v1.batches.cancel	POST	https://api.openai.com/v1/batches/{id}/cancel	https://platform.openai.com/docs/api-reference
openai	v1.chat.completions	DELETE	https://api.openai.com/v1/chat/completions/{id}	https://platform.openai.com/docs/api-reference
openai	v1.chat.completions	GET	https://api.openai.com/v1/chat/completions/{idOrOpts}	https://platform.openai.com/docs/api-reference
openai	v1.chat.completions	POST	https://api.openai.com/v1/chat/completions/{id}	https://platform.openai.com/docs/api-reference
openai	v1.chat.completionsMessages	GET	https://api.openai.com/v1/chat/completions/{id}/messages	https://platform.openai.com/docs/api-reference
openai	v1.embeddings	POST	https://api.openai.com/v1/embeddings	https://platform.openai.com/docs/api-reference
openai	v1.files	DELETE	https://api.openai.com/v1/files/{id}	https://platform.openai.com/docs/api-reference
openai	v1.files	GET	https://api.openai.com/v1/files/{idOrOpts}	https://platform.openai.com/docs/api-reference
openai	v1.files	POST	https://api.openai.com/v1/files	https://platform.openai.com/docs/api-reference
openai	v1.files.content	GET	https://api.openai.com/v1/files/{id}/content	https://platform.openai.com/docs/api-reference
openai	v1.fine_tuning.checkpoints.permissions	DELETE	https://api.openai.com/v1/fine_tuning/checkpoints/{checkpoint}/permissions/{permissionId}	https://platform.openai.com/docs/api-reference
openai	v1.fine_tuning.checkpoints.permissions	GET	https://api.openai.com/v1/fine_tuning/checkpoints/{checkpoint}/permissions	https://platform.openai.com/docs/api-reference
openai	v1.fine_tuning.checkpoints.permissions	POST	https://api.openai.com/v1/fine_tuning/checkpoints/{checkpoint}/permissions	https://platform.openai.com/docs/api-reference
openai	v1.fine_tuning.jobs	GET	https://api.openai.com/v1/fine_tuning/jobs/{idOrOpts}	https://platform.openai.com/docs/api-reference
openai	v1.fine_tuning.jobs	POST	https://api.openai.com/v1/fine_tuning/jobs	https://platform.openai.com/docs/api-reference
openai	v1.fine_tuning.jobs.cancel	POST	https://api.openai.com/v1/fine_tuning/jobs/{id}/cancel	https://platform.openai.com/docs/api-reference
openai	v1.fine_tuning.jobs.checkpoints	GET	https://api.openai.com/v1/fine_tuning/jobs/{id}/checkpoints	https://platform.openai.com/docs/api-reference
openai	v1.fine_tuning.jobs.events	GET	https://api.openai.com/v1/fine_tuning/jobs/{id}/events	https://platform.openai.com/docs/api-reference
openai	v1.fine_tuning.jobs.pause	POST	https://api.openai.com/v1/fine_tuning/jobs/{id}/pause	https://platform.openai.com/docs/api-reference
openai	v1.fine_tuning.jobs.resume	POST	https://api.openai.com/v1/fine_tuning/jobs/{id}/resume	https://platform.openai.com/docs/api-reference
openai	v1.images.edits	POST	https://api.openai.com/v1/images/edits	https://platform.openai.com/docs/api-reference
openai	v1.images.generations	POST	https://api.openai.com/v1/images/generations	https://platform.openai.com/docs/api-reference
openai	v1.models	DELETE	https://api.openai.com/v1/models/{id}	https://platform.openai.com/docs/api-reference
openai	v1.models	GET	https://api.openai.com/v1/models/{id}	https://platform.openai.com/docs/api-reference
openai	v1.moderations	POST	https://api.openai.com/v1/moderations	https://platform.openai.com/docs/api-reference
openai	v1.responses	DELETE	https://api.openai.com/v1/responses/{id}	https://platform.openai.com/docs/api-reference
openai	v1.responses	GET	https://api.openai.com/v1/responses/{id}	https://platform.openai.com/docs/api-reference
openai	v1.responses	POST	https://api.openai.com/v1/responses	https://platform.openai.com/docs/api-reference
openai	v1.responses.cancel	POST	https://api.openai.com/v1/responses/{id}/cancel	https://platform.openai.com/docs/api-reference
openai	v1.responses.compact	POST	https://api.openai.com/v1/responses/compact	https://platform.openai.com/docs/api-reference
openai	v1.responses.inputItems	GET	https://api.openai.com/v1/responses/{id}/input_items	https://platform.openai.com/docs/api-reference
openai	v1.responses.inputTokens	POST	https://api.openai.com/v1/responses/input_tokens	https://platform.openai.com/docs/api-reference
xai	v1.batches	GET	https://api.x.ai/v1/batches/{paramsOrIdOrSignal}	https://docs.x.ai/docs/api-reference
xai	v1.batches	POST	https://api.x.ai/v1/batches	https://docs.x.ai/docs/api-reference
xai	v1.batches.cancel	POST	https://api.x.ai/v1/batches/{batchId}:cancel	https://docs.x.ai/docs/api-reference
xai	v1.batches.requests	GET	https://api.x.ai/v1/batches/{batchId}/requests{query}	https://docs.x.ai/docs/api-reference
xai	v1.batches.requests	POST	https://api.x.ai/v1/batches/{batchId}/requests	https://docs.x.ai/docs/api-reference
xai	v1.batches.results	GET	https://api.x.ai/v1/batches/{batchId}/results{query}	https://docs.x.ai/docs/api-reference
xai	v1.chat.completions	POST	https://api.x.ai/v1/chat/completions	https://docs.x.ai/docs/api-reference
xai	v1.chat.deferredCompletion	GET	https://api.x.ai/v1/chat/deferred-completion/{requestId}	https://docs.x.ai/docs/api-reference
xai	v1.collections	DELETE	https://api.x.ai/v1/collections/{collectionId}	https://docs.x.ai/docs/api-reference
xai	v1.collections	GET	https://api.x.ai/v1/collections/{paramsOrIdOrSignal}	https://docs.x.ai/docs/api-reference
xai	v1.collections	POST	https://api.x.ai/v1/collections	https://docs.x.ai/docs/api-reference
xai	v1.collections	PUT	https://api.x.ai/v1/collections/{collectionId}	https://docs.x.ai/docs/api-reference
xai	v1.collections.documents	DELETE	https://api.x.ai/v1/collections/{collectionId}/documents/{fileId}	https://docs.x.ai/docs/api-reference
xai	v1.collections.documents	GET	https://api.x.ai/v1/collections/{collectionId}/documents/{paramsOrFileId}	https://docs.x.ai/docs/api-reference
xai	v1.collections.documents	PATCH	https://api.x.ai/v1/collections/{collectionId}/documents/{fileId}	https://docs.x.ai/docs/api-reference
xai	v1.collections.documents	POST	https://api.x.ai/v1/collections/{collectionId}/documents/{fileId}	https://docs.x.ai/docs/api-reference
xai	v1.collections.documents.batchGet	GET	https://api.x.ai/v1/collections/{collectionId}/documents:batchGet{query}	https://docs.x.ai/docs/api-reference
xai	v1.documents.search	POST	https://api.x.ai/v1/documents/search	https://docs.x.ai/docs/api-reference
xai	v1.files	DELETE	https://api.x.ai/v1/files/{fileId}	https://docs.x.ai/docs/api-reference
xai	v1.files	GET	https://api.x.ai/v1/files/{fileIdOrSignal}	https://docs.x.ai/docs/api-reference
xai	v1.files	POST	https://api.x.ai/v1/files	https://docs.x.ai/docs/api-reference
xai	v1.imageGenerationModels	GET	https://api.x.ai/v1/image-generation-models/{modelIdOrSignal}	https://docs.x.ai/docs/api-reference
xai	v1.images.edits	POST	https://api.x.ai/v1/images/edits	https://docs.x.ai/docs/api-reference
xai	v1.images.generations	POST	https://api.x.ai/v1/images/generations	https://docs.x.ai/docs/api-reference
xai	v1.languageModels	GET	https://api.x.ai/v1/language-models/{modelIdOrSignal}	https://docs.x.ai/docs/api-reference
xai	v1.models	GET	https://api.x.ai/v1/models/{modelIdOrSignal}	https://docs.x.ai/docs/api-reference
xai	v1.realtime.clientSecrets	POST	https://api.x.ai/v1/realtime/client_secrets	https://docs.x.ai/docs/api-reference
xai	v1.responses	DELETE	https://api.x.ai/v1/responses/{id}	https://docs.x.ai/docs/api-reference
xai	v1.responses	GET	https://api.x.ai/v1/responses/{id}	https://docs.x.ai/docs/api-reference
xai	v1.responses	POST	https://api.x.ai/v1/responses	https://docs.x.ai/docs/api-reference
xai	v1.tokenizeText	POST	https://api.x.ai/v1/tokenize-text	https://docs.x.ai/docs/api-reference
xai	v1.videoGenerationModels	GET	https://api.x.ai/v1/video-generation-models/{modelIdOrSignal}	https://docs.x.ai/docs/api-reference
xai	v1.videos	GET	https://api.x.ai/v1/videos/{requestId}	https://docs.x.ai/docs/api-reference
xai	v1.videos.edits	POST	https://api.x.ai/v1/videos/edits	https://docs.x.ai/docs/api-reference
xai	v1.videos.extensions	POST	https://api.x.ai/v1/videos/extensions	https://docs.x.ai/docs/api-reference
xai	v1.videos.generations	POST	https://api.x.ai/v1/videos/generations	https://docs.x.ai/docs/api-reference
